entries,fetch_count,fetch_start,max_count,retry,search_query,status
1000,1000,0,100000,0,"""time series""",200
298,1000,1000,100000,0,"""time series""",200
1000,1000,2000,100000,0,"""time series""",200
1000,1000,3000,100000,1,"""time series""",200
1000,1000,4000,100000,1,"""time series""",200
1000,1000,5000,100000,0,"""time series""",200
1000,1000,6000,100000,0,"""time series""",200
1000,1000,7000,100000,0,"""time series""",200
1000,1000,8000,100000,0,"""time series""",200
1000,1000,9000,100000,1,"""time series""",200
1000,1000,10000,100000,2,"""time series""",200
1000,1000,11000,100000,0,"""time series""",200
56,1000,12000,100000,0,"""time series""",200
0,1000,13000,100000,9,"""time series""",200
0,1000,14000,100000,9,"""time series""",200
0,1000,15000,100000,9,"""time series""",200
0,1000,16000,100000,9,"""time series""",200
0,1000,17000,100000,9,"""time series""",200
0,1000,18000,100000,9,"""time series""",200
0,1000,19000,100000,9,"""time series""",200
1000,1000,0,100000,0,"""time series""",200
3,1000,0,100000,0,"""time series""",200
1000,1000,0,2000,0,"""time series""",200
1000,1000,1000,2000,0,"""time series""",200
1000,1000,0,1000,0,"""time series""",200
